{
    "glaiveai_-_glaive-coder-7b": {
        "GPU_ram_gb": 3.754669189453125
    },
    "WizardLM_-_WizardCoder-Python-13B-V1.0": {
        "GPU_ram_gb": 6.831855773925781
    }
}